--------------------------------------------------------
-- 1. DATABASE SCHEMA (DDL)
--------------------------------------------------------
CREATE TABLE Candidate (
    candidate_id NUMBER GENERATED BY DEFAULT AS IDENTITY PRIMARY KEY,
    first_name VARCHAR2(50) NOT NULL,
    middle_name VARCHAR2(50),
    last_name VARCHAR2(50) NOT NULL,
    h_no VARCHAR2(20) NOT NULL,
    street_name VARCHAR2(100) NOT NULL,
    city VARCHAR2(50) NOT NULL,
    state VARCHAR2(50) NOT NULL,
    country VARCHAR2(50) NOT NULL,
    pincode NUMBER(6) NOT NULL,
    dob DATE NOT NULL
);

CREATE TABLE Candidate_email (
    candidate_id NUMBER,
    email_id VARCHAR2(100),
    PRIMARY KEY(candidate_id, email_id),
    FOREIGN KEY(candidate_id) REFERENCES Candidate(candidate_id) ON DELETE CASCADE,
    CONSTRAINT chk_email CHECK(email_id LIKE '%@%.%')
);

CREATE TABLE Candidate_phone (
    candidate_id NUMBER,
    phone_no VARCHAR2(15),
    PRIMARY KEY(candidate_id, phone_no),
    FOREIGN KEY(candidate_id) REFERENCES Candidate(candidate_id) ON DELETE CASCADE
);

CREATE TABLE Resume (
    resume_id NUMBER GENERATED BY DEFAULT AS IDENTITY PRIMARY KEY,
    candidate_id NUMBER,
    yrs_of_experience NUMBER CHECK (yrs_of_experience >= 0),
    summary VARCHAR2(4000),
    last_updated TIMESTAMP DEFAULT CURRENT_TIMESTAMP,
    FOREIGN KEY(candidate_id) REFERENCES Candidate(candidate_id) ON DELETE CASCADE
);

CREATE TABLE Education (
    education_id NUMBER GENERATED BY DEFAULT AS IDENTITY PRIMARY KEY,
    resume_id NUMBER,
    degree VARCHAR2(100) NOT NULL,
    field_of_study VARCHAR2(100) NOT NULL,
    start_yr NUMBER,
    end_yr NUMBER,
    university_name VARCHAR2(150) NOT NULL,
    cgpa NUMBER(4,2) CHECK (cgpa >= 0.0 AND cgpa <= 10.0),
    FOREIGN KEY(resume_id) REFERENCES Resume(resume_id) ON DELETE CASCADE
);

CREATE TABLE Work_Experience (
    work_id NUMBER GENERATED BY DEFAULT AS IDENTITY PRIMARY KEY,
    resume_id NUMBER,
    company_name VARCHAR2(100) NOT NULL,
    job_title VARCHAR2(100) NOT NULL,
    start_date DATE,
    end_date DATE,
    responsibilities VARCHAR2(4000),
    FOREIGN KEY (resume_id) REFERENCES Resume(resume_id) ON DELETE CASCADE
);

CREATE TABLE Technology (
    technology_id NUMBER GENERATED BY DEFAULT AS IDENTITY PRIMARY KEY,
    tech_name VARCHAR2(100) NOT NULL UNIQUE
);

CREATE TABLE Projects (
    project_id NUMBER GENERATED BY DEFAULT AS IDENTITY PRIMARY KEY,
    resume_id NUMBER,
    project_title VARCHAR2(200) NOT NULL,
    description VARCHAR2(4000),
    FOREIGN KEY (resume_id) REFERENCES Resume(resume_id) ON DELETE CASCADE
);

CREATE TABLE Project_Technologies (
    project_id NUMBER,
    technology_id NUMBER,
    PRIMARY KEY (project_id, technology_id),
    FOREIGN KEY(project_id) REFERENCES Projects(project_id) ON DELETE CASCADE,
    FOREIGN KEY(technology_id) REFERENCES Technology(technology_id) ON DELETE CASCADE
);

CREATE TABLE Skills (
    skill_id NUMBER GENERATED BY DEFAULT AS IDENTITY PRIMARY KEY,
    skill_name VARCHAR2(100) NOT NULL UNIQUE
);

CREATE TABLE Resume_Skills (
    resume_id NUMBER,
    skill_id NUMBER,
    PRIMARY KEY(resume_id, skill_id),
    FOREIGN KEY (resume_id) REFERENCES Resume(resume_id) ON DELETE CASCADE,
    FOREIGN KEY (skill_id) REFERENCES Skills(skill_id) ON DELETE CASCADE
);

CREATE TABLE Certifications (
    certification_id NUMBER GENERATED BY DEFAULT AS IDENTITY PRIMARY KEY,
    certification_name VARCHAR2(200) NOT NULL,
    issuing_organisation VARCHAR2(200) NOT NULL
);

CREATE TABLE Resume_Certifications (
    resume_id NUMBER,
    certification_id NUMBER,
    issue_date DATE,
    PRIMARY KEY(resume_id, certification_id),
    FOREIGN KEY(resume_id) REFERENCES Resume(resume_id) ON DELETE CASCADE,
    FOREIGN KEY(certification_id) REFERENCES Certifications(certification_id) ON DELETE CASCADE
);

CREATE TABLE Recruiter (
    recruiter_id NUMBER GENERATED BY DEFAULT AS IDENTITY PRIMARY KEY,
    name VARCHAR2(100) NOT NULL,
    company VARCHAR2(100) NOT NULL,
    email_id VARCHAR2(100) NOT NULL UNIQUE,
    CONSTRAINT recruiter_chk_email CHECK(email_id LIKE '%@%.%')
);

CREATE TABLE Job (
    job_id NUMBER GENERATED BY DEFAULT AS IDENTITY PRIMARY KEY,
    recruiter_id NUMBER,
    job_title VARCHAR2(100) NOT NULL,
    job_description VARCHAR2(4000) NOT NULL,
    required_exp NUMBER CHECK (required_exp >= 0),
    location VARCHAR2(100) NOT NULL,
    FOREIGN KEY(recruiter_id) REFERENCES Recruiter(recruiter_id) ON DELETE CASCADE
);

CREATE TABLE Job_Skills (
    job_id NUMBER,
    skill_id NUMBER,
    PRIMARY KEY (job_id, skill_id),
    FOREIGN KEY (job_id) REFERENCES Job(job_id) ON DELETE CASCADE,
    FOREIGN KEY (skill_id) REFERENCES Skills(skill_id) ON DELETE CASCADE
);

CREATE TABLE Job_Application (
    application_id NUMBER GENERATED BY DEFAULT AS IDENTITY PRIMARY KEY,
    candidate_id NUMBER,
    job_id NUMBER,
    application_status VARCHAR2(20) DEFAULT 'Pending' CHECK (application_status IN ('Pending', 'Review', 'Accepted', 'Rejected')),
    application_date DATE,
    FOREIGN KEY(candidate_id) REFERENCES Candidate(candidate_id) ON DELETE CASCADE,
    FOREIGN KEY(job_id) REFERENCES Job(job_id) ON DELETE CASCADE
);

CREATE TABLE Screening_Result (
    recruiter_id NUMBER,
    application_id NUMBER,
    score NUMBER(5,2) CHECK (score BETWEEN 0 AND 100),
    decision VARCHAR2(20) CHECK (decision IN ('Shortlisted', 'Rejected', 'On Hold')),
    PRIMARY KEY(recruiter_id, application_id),
    FOREIGN KEY(recruiter_id) REFERENCES Recruiter(recruiter_id) ON DELETE CASCADE,
    FOREIGN KEY(application_id) REFERENCES Job_Application(application_id) ON DELETE CASCADE
);

CREATE TABLE Interview (
    interview_id NUMBER GENERATED BY DEFAULT AS IDENTITY PRIMARY KEY,
    application_id NUMBER,
    interview_date TIMESTAMP,
    interview_status VARCHAR2(20) DEFAULT 'Scheduled' CHECK (interview_status IN ('Scheduled', 'Completed', 'Cancelled')),
    FOREIGN KEY(application_id) REFERENCES Job_Application(application_id) ON DELETE CASCADE
);

--------------------------------------------------------
-- 2. TRIGGERS
--------------------------------------------------------
CREATE OR REPLACE TRIGGER validate_candidate_age
BEFORE INSERT ON Candidate
FOR EACH ROW
DECLARE
    v_age NUMBER;
BEGIN
    v_age := TRUNC(MONTHS_BETWEEN(SYSDATE, :NEW.dob) / 12);
    IF v_age < 18 THEN
        RAISE_APPLICATION_ERROR(-20001, 'Candidate must be at least 18 years old');
    END IF;
END;
/

CREATE OR REPLACE TRIGGER validate_email_format
BEFORE INSERT ON Candidate_email
FOR EACH ROW
BEGIN
    IF :NEW.email_id NOT LIKE '%@%.%' THEN
        RAISE_APPLICATION_ERROR(-20002, 'Email must be in valid format (user@domain.com)');
    END IF;
END;
/

CREATE OR REPLACE TRIGGER validate_phone_format
BEFORE INSERT ON Candidate_phone
FOR EACH ROW
BEGIN
    IF NOT REGEXP_LIKE(:NEW.phone_no, '^[0-9]{10,15}$') THEN
        RAISE_APPLICATION_ERROR(-20003, 'Phone must be 10-15 digits');
    END IF;
END;
/

CREATE OR REPLACE TRIGGER update_resume_timestamp
BEFORE UPDATE ON Resume
FOR EACH ROW
BEGIN
    :NEW.last_updated := CURRENT_TIMESTAMP;
END;
/

CREATE OR REPLACE TRIGGER validate_application_status
BEFORE UPDATE ON Job_Application
FOR EACH ROW
BEGIN
    IF :OLD.application_status = 'Rejected' AND :NEW.application_status != 'Rejected' THEN
        RAISE_APPLICATION_ERROR(-20004, 'Cannot change status from Rejected');
    END IF;
    IF :OLD.application_status = 'Accepted' AND :NEW.application_status != 'Accepted' THEN
        RAISE_APPLICATION_ERROR(-20005, 'Cannot change status from Accepted');
    END IF;
END;
/

--------------------------------------------------------
-- 3. STORED PROCEDURES (Corrected Workflow Logic)
--------------------------------------------------------
CREATE OR REPLACE PROCEDURE calculate_candidate_score(
    app_id IN NUMBER,
    rec_id IN NUMBER,
    p_score OUT NUMBER
) IS
    exp_score NUMBER(5,2) := 0;
    skill_score NUMBER(5,2) := 0;
    edu_score NUMBER(5,2) := 0;
    cert_score NUMBER(5,2) := 0;
    job_exp NUMBER := 0;
    job_req_exp NUMBER := 0;
    v_skill_count NUMBER := 0;
    v_job_skill_count NUMBER := 0;
    edu_count NUMBER := 0;
    cert_count NUMBER := 0;
    v_decision VARCHAR2(20);
BEGIN

    SELECT NVL(MAX(j.required_exp), 0) INTO job_req_exp
    FROM Job j JOIN Job_Application ja ON j.job_id = ja.job_id WHERE ja.application_id = app_id;

    SELECT NVL(MAX(r.yrs_of_experience), 0) INTO job_exp
    FROM Resume r JOIN Job_Application ja ON r.candidate_id = ja.candidate_id WHERE ja.application_id = app_id;

    IF job_exp >= job_req_exp THEN 
        exp_score := 40;
    ELSIF job_req_exp > 0 THEN 
        exp_score := (job_exp / job_req_exp) * 40; 
    END IF;

    SELECT COUNT(*) INTO v_skill_count
    FROM Resume_Skills rs 
    JOIN Resume r ON rs.resume_id = r.resume_id
    JOIN Job_Application ja ON r.candidate_id = ja.candidate_id
    JOIN Job_Skills js ON ja.job_id = js.job_id AND rs.skill_id = js.skill_id
    WHERE ja.application_id = app_id;

    SELECT COUNT(*) INTO v_job_skill_count
    FROM Job_Skills js 
    JOIN Job_Application ja ON js.job_id = ja.job_id 
    WHERE ja.application_id = app_id;

    IF v_job_skill_count > 0 THEN 
        skill_score := (v_skill_count / v_job_skill_count) * 30; 
    ELSE 
        skill_score := 0; 
    END IF;

   
    SELECT COUNT(*) INTO edu_count
    FROM Education e 
    JOIN Resume r ON e.resume_id = r.resume_id 
    JOIN Job_Application ja ON r.candidate_id = ja.candidate_id
    WHERE ja.application_id = app_id;
    
    edu_score := LEAST(edu_count, 5) * 4;

 
    SELECT COUNT(*) INTO cert_count
    FROM Resume_Certifications rc 
    JOIN Resume r ON rc.resume_id = r.resume_id 
    JOIN Job_Application ja ON r.candidate_id = ja.candidate_id
    WHERE ja.application_id = app_id;
    
    cert_score := LEAST(cert_count, 5) * 2;

    p_score := exp_score + skill_score + edu_score + cert_score;


    IF p_score >= 70 THEN 
        v_decision := 'Shortlisted'; 
    ELSIF p_score >= 50 THEN 
        v_decision := 'On Hold'; 
    ELSE 
        v_decision := 'Rejected'; 
    END IF;

    MERGE INTO Screening_Result sr
    USING (SELECT rec_id AS recruiter_id, app_id AS application_id, p_score AS score, v_decision AS decision FROM dual) src
    ON (sr.recruiter_id = src.recruiter_id AND sr.application_id = src.application_id)
    WHEN MATCHED THEN UPDATE SET score = src.score, decision = src.decision
    WHEN NOT MATCHED THEN INSERT (recruiter_id, application_id, score, decision) VALUES (src.recruiter_id, src.application_id, src.score, src.decision);

    IF p_score >= 60 THEN 
        UPDATE Job_Application SET application_status = 'Review' WHERE application_id = app_id;
    ELSIF p_score >= 50 THEN
        UPDATE Job_Application SET application_status = 'Pending' WHERE application_id = app_id;
    ELSE 
        UPDATE Job_Application SET application_status = 'Rejected' WHERE application_id = app_id; 
    END IF;
    
    COMMIT;
END;
/

CREATE OR REPLACE PROCEDURE get_top_skills(top_n IN NUMBER, p_cursor OUT SYS_REFCURSOR) IS
BEGIN
    OPEN p_cursor FOR
        SELECT s.skill_name, COUNT(rs.resume_id) AS count
        FROM Skills s JOIN Resume_Skills rs ON s.skill_id = rs.skill_id GROUP BY s.skill_name ORDER BY count DESC FETCH FIRST top_n ROWS ONLY;
END;
/

--------------------------------------------------------
-- 4. INSERT DATA 
--------------------------------------------------------
--------------------------------------------------------
-- PART 4: INSERT DUMMY DATA FOR TESTING (30 CANDIDATES)
--------------------------------------------------------
-- 1. Lookups
INSERT INTO Technology (technology_id, tech_name) VALUES (1, 'Java');
INSERT INTO Technology (technology_id, tech_name) VALUES (2, 'Python');
INSERT INTO Technology (technology_id, tech_name) VALUES (3, 'React');
INSERT INTO Technology (technology_id, tech_name) VALUES (4, 'Spring Boot');
INSERT INTO Technology (technology_id, tech_name) VALUES (5, 'C++');
INSERT INTO Technology (technology_id, tech_name) VALUES (6, 'Machine Learning');
INSERT INTO Technology (technology_id, tech_name) VALUES (7, 'SQL');

INSERT INTO Skills (skill_id, skill_name) VALUES (1, 'Java Programming');
INSERT INTO Skills (skill_id, skill_name) VALUES (2, 'Python Programming');
INSERT INTO Skills (skill_id, skill_name) VALUES (3, 'System Design');

INSERT INTO Certifications (certification_id, certification_name, issuing_organisation) VALUES (1, 'AWS Certified Solutions Architect', 'Amazon');

INSERT INTO Recruiter (recruiter_id, name, company, email_id) VALUES (1, 'Dr. Manisha Panjeta', 'TIET CS Dept', 'manisha.p@thapar.edu');
INSERT INTO Job (job_id, recruiter_id, job_title, job_description, required_exp, location) VALUES (1, 1, 'Database Project Evaluator', 'Evaluation of the DBMS project.', 0, 'Patiala');

-- Map the skills required for the job
INSERT INTO Job_Skills (job_id, skill_id) VALUES (1, 1);
INSERT INTO Job_Skills (job_id, skill_id) VALUES (1, 2);
INSERT INTO Job_Skills (job_id, skill_id) VALUES (1, 3);

-- 2. Candidates (1-20 Original, 21-30 New)
INSERT INTO Candidate (candidate_id, first_name, last_name, h_no, street_name, city, state, country, pincode, dob) VALUES (1, 'Rohan', 'Goel', 'H1', 'TIET Campus', 'Patiala', 'Punjab', 'India', 147004, TO_DATE('2005-09-19', 'YYYY-MM-DD'));
INSERT INTO Candidate (candidate_id, first_name, last_name, h_no, street_name, city, state, country, pincode, dob) VALUES (2, 'Kanika', 'Sahni', 'H2', 'TIET Campus', 'Patiala', 'Punjab', 'India', 147004, TO_DATE('2004-05-12', 'YYYY-MM-DD'));
INSERT INTO Candidate (candidate_id, first_name, last_name, h_no, street_name, city, state, country, pincode, dob) VALUES (3, 'Navya', 'Khosla', 'H3', 'TIET Campus', 'Patiala', 'Punjab', 'India', 147004, TO_DATE('2005-02-28', 'YYYY-MM-DD'));
INSERT INTO Candidate (candidate_id, first_name, last_name, h_no, street_name, city, state, country, pincode, dob) VALUES (4, 'Sumit', 'Kumar', 'H4', 'TIET Campus', 'Patiala', 'Punjab', 'India', 147004, TO_DATE('2004-11-05', 'YYYY-MM-DD'));
INSERT INTO Candidate (candidate_id, first_name, last_name, h_no, street_name, city, state, country, pincode, dob) VALUES (5, 'Manpreet', 'Singh', '45A', 'Model Town', 'Patiala', 'Punjab', 'India', 147001, TO_DATE('2004-01-15', 'YYYY-MM-DD'));
INSERT INTO Candidate (candidate_id, first_name, last_name, h_no, street_name, city, state, country, pincode, dob) VALUES (6, 'Prabhjot', 'Singh', '12B', 'Civil Lines', 'Patiala', 'Punjab', 'India', 147001, TO_DATE('2004-03-22', 'YYYY-MM-DD'));
INSERT INTO Candidate (candidate_id, first_name, last_name, h_no, street_name, city, state, country, pincode, dob) VALUES (7, 'Bhanavi', 'Sharma', '78C', 'Urban Estate', 'Patiala', 'Punjab', 'India', 147002, TO_DATE('2004-08-10', 'YYYY-MM-DD'));
INSERT INTO Candidate (candidate_id, first_name, last_name, h_no, street_name, city, state, country, pincode, dob) VALUES (8, 'Rahul', 'Gupta', '101', 'MG Road', 'Bangalore', 'Karnataka', 'India', 560001, TO_DATE('1998-12-01', 'YYYY-MM-DD'));
INSERT INTO Candidate (candidate_id, first_name, last_name, h_no, street_name, city, state, country, pincode, dob) VALUES (9, 'Priya', 'Desai', '202', 'LBS Marg', 'Mumbai', 'Maharashtra', 'India', 400070, TO_DATE('1999-07-14', 'YYYY-MM-DD'));
INSERT INTO Candidate (candidate_id, first_name, last_name, h_no, street_name, city, state, country, pincode, dob) VALUES (10, 'Amit', 'Verma', '303', 'Connaught Place', 'Delhi', 'Delhi', 'India', 110001, TO_DATE('1997-04-30', 'YYYY-MM-DD'));
INSERT INTO Candidate (candidate_id, first_name, last_name, h_no, street_name, city, state, country, pincode, dob) VALUES (11, 'Sneha', 'Kapoor', '404', 'Sector 17', 'Chandigarh', 'Chandigarh', 'India', 160017, TO_DATE('2000-09-09', 'YYYY-MM-DD'));
INSERT INTO Candidate (candidate_id, first_name, last_name, h_no, street_name, city, state, country, pincode, dob) VALUES (12, 'Rohan', 'Mehta', '505', 'Koregaon Park', 'Pune', 'Maharashtra', 'India', 411001, TO_DATE('1996-11-11', 'YYYY-MM-DD'));
INSERT INTO Candidate (candidate_id, first_name, last_name, h_no, street_name, city, state, country, pincode, dob) VALUES (13, 'Anjali', 'Joshi', '606', 'Banjara Hills', 'Hyderabad', 'Telangana', 'India', 500034, TO_DATE('1995-02-14', 'YYYY-MM-DD'));
INSERT INTO Candidate (candidate_id, first_name, last_name, h_no, street_name, city, state, country, pincode, dob) VALUES (14, 'Karan', 'Malhotra', '707', 'Salt Lake', 'Kolkata', 'West Bengal', 'India', 700091, TO_DATE('1999-05-25', 'YYYY-MM-DD'));
INSERT INTO Candidate (candidate_id, first_name, last_name, h_no, street_name, city, state, country, pincode, dob) VALUES (15, 'Pooja', 'Iyer', '808', 'Anna Nagar', 'Chennai', 'Tamil Nadu', 'India', 600040, TO_DATE('2001-08-18', 'YYYY-MM-DD'));
INSERT INTO Candidate (candidate_id, first_name, last_name, h_no, street_name, city, state, country, pincode, dob) VALUES (16, 'Vikram', 'Reddy', '909', 'Jubilee Hills', 'Hyderabad', 'Telangana', 'India', 500033, TO_DATE('1994-06-05', 'YYYY-MM-DD'));
INSERT INTO Candidate (candidate_id, first_name, last_name, h_no, street_name, city, state, country, pincode, dob) VALUES (17, 'Neha', 'Chawla', '111', 'Gomti Nagar', 'Lucknow', 'UP', 'India', 226010, TO_DATE('2002-12-12', 'YYYY-MM-DD'));
INSERT INTO Candidate (candidate_id, first_name, last_name, h_no, street_name, city, state, country, pincode, dob) VALUES (18, 'Aditya', 'Rao', '222', 'Indiranagar', 'Bangalore', 'Karnataka', 'India', 560038, TO_DATE('1993-10-20', 'YYYY-MM-DD'));
INSERT INTO Candidate (candidate_id, first_name, last_name, h_no, street_name, city, state, country, pincode, dob) VALUES (19, 'Tanya', 'Ahuja', '333', 'Vasant Kunj', 'Delhi', 'Delhi', 'India', 110070, TO_DATE('1998-01-30', 'YYYY-MM-DD'));
INSERT INTO Candidate (candidate_id, first_name, last_name, h_no, street_name, city, state, country, pincode, dob) VALUES (20, 'Siddharth', 'Jain', '444', 'C Scheme', 'Jaipur', 'Rajasthan', 'India', 302001, TO_DATE('2000-03-15', 'YYYY-MM-DD'));
INSERT INTO Candidate (candidate_id, first_name, last_name, h_no, street_name, city, state, country, pincode, dob) VALUES (21, 'Ravi', 'Kumar', '12', 'Mall Road', 'Shimla', 'HP', 'India', 171001, TO_DATE('2001-04-12', 'YYYY-MM-DD'));
INSERT INTO Candidate (candidate_id, first_name, last_name, h_no, street_name, city, state, country, pincode, dob) VALUES (22, 'Simran', 'Kaur', '34', 'Sector 22', 'Chandigarh', 'Chandigarh', 'India', 160022, TO_DATE('2002-05-16', 'YYYY-MM-DD'));
INSERT INTO Candidate (candidate_id, first_name, last_name, h_no, street_name, city, state, country, pincode, dob) VALUES (23, 'Arjun', 'Singh', '56', 'Rajpur Road', 'Dehradun', 'UK', 'India', 248001, TO_DATE('1999-08-22', 'YYYY-MM-DD'));
INSERT INTO Candidate (candidate_id, first_name, last_name, h_no, street_name, city, state, country, pincode, dob) VALUES (24, 'Kavita', 'Joshi', '78', 'C Scheme', 'Jaipur', 'Rajasthan', 'India', 302001, TO_DATE('2000-11-11', 'YYYY-MM-DD'));
INSERT INTO Candidate (candidate_id, first_name, last_name, h_no, street_name, city, state, country, pincode, dob) VALUES (25, 'Manoj', 'Tiwari', '90', 'Boring Road', 'Patna', 'Bihar', 'India', 800001, TO_DATE('1997-12-05', 'YYYY-MM-DD'));
INSERT INTO Candidate (candidate_id, first_name, last_name, h_no, street_name, city, state, country, pincode, dob) VALUES (26, 'Divya', 'Bharti', '11', 'MG Road', 'Pune', 'Maharashtra', 'India', 411001, TO_DATE('1998-02-14', 'YYYY-MM-DD'));
INSERT INTO Candidate (candidate_id, first_name, last_name, h_no, street_name, city, state, country, pincode, dob) VALUES (27, 'Saurabh', 'Shukla', '22', 'Hazratganj', 'Lucknow', 'UP', 'India', 226001, TO_DATE('1996-03-30', 'YYYY-MM-DD'));
INSERT INTO Candidate (candidate_id, first_name, last_name, h_no, street_name, city, state, country, pincode, dob) VALUES (28, 'Priyanka', 'Chopra', '33', 'Andheri W', 'Mumbai', 'Maharashtra', 'India', 400053, TO_DATE('2003-07-18', 'YYYY-MM-DD'));
INSERT INTO Candidate (candidate_id, first_name, last_name, h_no, street_name, city, state, country, pincode, dob) VALUES (29, 'Gaurav', 'Sharma', '44', 'Koramangala', 'Bangalore', 'Karnataka', 'India', 560034, TO_DATE('1995-09-25', 'YYYY-MM-DD'));
INSERT INTO Candidate (candidate_id, first_name, last_name, h_no, street_name, city, state, country, pincode, dob) VALUES (30, 'Ananya', 'Pandey', '55', 'Bandra', 'Mumbai', 'Maharashtra', 'India', 400050, TO_DATE('2004-10-10', 'YYYY-MM-DD'));

-- 3. Emails
INSERT INTO Candidate_email (candidate_id, email_id) VALUES (1, 'rohan92@codeforces.com');
INSERT INTO Candidate_email (candidate_id, email_id) VALUES (2, 'kanika.s@email.com');
INSERT INTO Candidate_email (candidate_id, email_id) VALUES (3, 'navya.k@email.com');
INSERT INTO Candidate_email (candidate_id, email_id) VALUES (4, 'sumit.k@email.com');
INSERT INTO Candidate_email (candidate_id, email_id) VALUES (5, 'manpreet.s@email.com');
INSERT INTO Candidate_email (candidate_id, email_id) VALUES (6, 'prabhjot.s@email.com');
INSERT INTO Candidate_email (candidate_id, email_id) VALUES (7, 'bhanavi.s@email.com');
INSERT INTO Candidate_email (candidate_id, email_id) VALUES (8, 'rahul.g@email.com');
INSERT INTO Candidate_email (candidate_id, email_id) VALUES (9, 'priya.d@email.com');
INSERT INTO Candidate_email (candidate_id, email_id) VALUES (10, 'amit.v@email.com');
INSERT INTO Candidate_email (candidate_id, email_id) VALUES (11, 'sneha.k@email.com');
INSERT INTO Candidate_email (candidate_id, email_id) VALUES (12, 'rohan.m@email.com');
INSERT INTO Candidate_email (candidate_id, email_id) VALUES (13, 'anjali.j@email.com');
INSERT INTO Candidate_email (candidate_id, email_id) VALUES (14, 'karan.m@email.com');
INSERT INTO Candidate_email (candidate_id, email_id) VALUES (15, 'pooja.i@email.com');
INSERT INTO Candidate_email (candidate_id, email_id) VALUES (16, 'vikram.r@email.com');
INSERT INTO Candidate_email (candidate_id, email_id) VALUES (17, 'neha.c@email.com');
INSERT INTO Candidate_email (candidate_id, email_id) VALUES (18, 'aditya.r@email.com');
INSERT INTO Candidate_email (candidate_id, email_id) VALUES (19, 'tanya.a@email.com');
INSERT INTO Candidate_email (candidate_id, email_id) VALUES (20, 'siddharth.j@email.com');
INSERT INTO Candidate_email (candidate_id, email_id) VALUES (21, 'ravi.k@email.com');
INSERT INTO Candidate_email (candidate_id, email_id) VALUES (22, 'simran.k@email.com');
INSERT INTO Candidate_email (candidate_id, email_id) VALUES (23, 'arjun.s@email.com');
INSERT INTO Candidate_email (candidate_id, email_id) VALUES (24, 'kavita.j@email.com');
INSERT INTO Candidate_email (candidate_id, email_id) VALUES (25, 'manoj.t@email.com');
INSERT INTO Candidate_email (candidate_id, email_id) VALUES (26, 'divya.b@email.com');
INSERT INTO Candidate_email (candidate_id, email_id) VALUES (27, 'saurabh.s@email.com');
INSERT INTO Candidate_email (candidate_id, email_id) VALUES (28, 'priyanka.c@email.com');
INSERT INTO Candidate_email (candidate_id, email_id) VALUES (29, 'gaurav.s@email.com');
INSERT INTO Candidate_email (candidate_id, email_id) VALUES (30, 'ananya.p@email.com');

-- 4. Phones
INSERT INTO Candidate_phone (candidate_id, phone_no) VALUES (1, '9876543201');
INSERT INTO Candidate_phone (candidate_id, phone_no) VALUES (2, '9876543202');
INSERT INTO Candidate_phone (candidate_id, phone_no) VALUES (3, '9876543203');
INSERT INTO Candidate_phone (candidate_id, phone_no) VALUES (4, '9876543204');
INSERT INTO Candidate_phone (candidate_id, phone_no) VALUES (5, '9876543205');
INSERT INTO Candidate_phone (candidate_id, phone_no) VALUES (6, '9876543206');
INSERT INTO Candidate_phone (candidate_id, phone_no) VALUES (7, '9876543207');
INSERT INTO Candidate_phone (candidate_id, phone_no) VALUES (8, '9876543208');
INSERT INTO Candidate_phone (candidate_id, phone_no) VALUES (9, '9876543209');
INSERT INTO Candidate_phone (candidate_id, phone_no) VALUES (10, '9876543210');
INSERT INTO Candidate_phone (candidate_id, phone_no) VALUES (11, '9876543211');
INSERT INTO Candidate_phone (candidate_id, phone_no) VALUES (12, '9876543212');
INSERT INTO Candidate_phone (candidate_id, phone_no) VALUES (13, '9876543213');
INSERT INTO Candidate_phone (candidate_id, phone_no) VALUES (14, '9876543214');
INSERT INTO Candidate_phone (candidate_id, phone_no) VALUES (15, '9876543215');
INSERT INTO Candidate_phone (candidate_id, phone_no) VALUES (16, '9876543216');
INSERT INTO Candidate_phone (candidate_id, phone_no) VALUES (17, '9876543217');
INSERT INTO Candidate_phone (candidate_id, phone_no) VALUES (18, '9876543218');
INSERT INTO Candidate_phone (candidate_id, phone_no) VALUES (19, '9876543219');
INSERT INTO Candidate_phone (candidate_id, phone_no) VALUES (20, '9876543220');
INSERT INTO Candidate_phone (candidate_id, phone_no) VALUES (21, '9876543221');
INSERT INTO Candidate_phone (candidate_id, phone_no) VALUES (22, '9876543222');
INSERT INTO Candidate_phone (candidate_id, phone_no) VALUES (23, '9876543223');
INSERT INTO Candidate_phone (candidate_id, phone_no) VALUES (24, '9876543224');
INSERT INTO Candidate_phone (candidate_id, phone_no) VALUES (25, '9876543225');
INSERT INTO Candidate_phone (candidate_id, phone_no) VALUES (26, '9876543226');
INSERT INTO Candidate_phone (candidate_id, phone_no) VALUES (27, '9876543227');
INSERT INTO Candidate_phone (candidate_id, phone_no) VALUES (28, '9876543228');
INSERT INTO Candidate_phone (candidate_id, phone_no) VALUES (29, '9876543229');
INSERT INTO Candidate_phone (candidate_id, phone_no) VALUES (30, '9876543230');

-- 5. Resumes
INSERT INTO Resume (resume_id, candidate_id, yrs_of_experience, summary) VALUES (1, 1, 1, 'CP focused on C++. ML enthusiast with experience in unsupervised learning.');
INSERT INTO Resume (resume_id, candidate_id, yrs_of_experience, summary) VALUES (2, 2, 1, 'Computer Science student with strong fundamentals in DBMS.');
INSERT INTO Resume (resume_id, candidate_id, yrs_of_experience, summary) VALUES (3, 3, 1, 'Aspiring Data Analyst skilled in Python and SQL.');
INSERT INTO Resume (resume_id, candidate_id, yrs_of_experience, summary) VALUES (4, 4, 1, 'Backend developer focused on scalable database architectures.');
INSERT INTO Resume (resume_id, candidate_id, yrs_of_experience, summary) VALUES (5, 5, 2, 'Original architect of the Resume Screening DBMS Project.');
INSERT INTO Resume (resume_id, candidate_id, yrs_of_experience, summary) VALUES (6, 6, 2, 'Co-developer of automated recruitment systems.');
INSERT INTO Resume (resume_id, candidate_id, yrs_of_experience, summary) VALUES (7, 7, 2, 'Database designer with a focus on strict normalization forms.');
INSERT INTO Resume (resume_id, candidate_id, yrs_of_experience, summary) VALUES (8, 8, 4, 'Senior Web Developer with a knack for frontend technologies.');
INSERT INTO Resume (resume_id, candidate_id, yrs_of_experience, summary) VALUES (9, 9, 3, 'Full Stack Engineer with React and Node.js expertise.');
INSERT INTO Resume (resume_id, candidate_id, yrs_of_experience, summary) VALUES (10, 10, 5, 'Cloud Architect certified in AWS and Azure.');
INSERT INTO Resume (resume_id, candidate_id, yrs_of_experience, summary) VALUES (11, 11, 2, 'Junior Dev');
INSERT INTO Resume (resume_id, candidate_id, yrs_of_experience, summary) VALUES (12, 12, 3, 'Mid Dev');
INSERT INTO Resume (resume_id, candidate_id, yrs_of_experience, summary) VALUES (13, 13, 1, 'Junior Dev');
INSERT INTO Resume (resume_id, candidate_id, yrs_of_experience, summary) VALUES (14, 14, 4, 'Senior Dev');
INSERT INTO Resume (resume_id, candidate_id, yrs_of_experience, summary) VALUES (15, 15, 2, 'Junior Dev');
INSERT INTO Resume (resume_id, candidate_id, yrs_of_experience, summary) VALUES (16, 16, 5, 'Cloud Engineer');
INSERT INTO Resume (resume_id, candidate_id, yrs_of_experience, summary) VALUES (17, 17, 1, 'QA Analyst');
INSERT INTO Resume (resume_id, candidate_id, yrs_of_experience, summary) VALUES (18, 18, 3, 'DevOps');
INSERT INTO Resume (resume_id, candidate_id, yrs_of_experience, summary) VALUES (19, 19, 2, 'Data Scientist');
INSERT INTO Resume (resume_id, candidate_id, yrs_of_experience, summary) VALUES (20, 20, 4, 'Backend Dev');
INSERT INTO Resume (resume_id, candidate_id, yrs_of_experience, summary) VALUES (21, 21, 2, 'Frontend Developer specializing in React.');
INSERT INTO Resume (resume_id, candidate_id, yrs_of_experience, summary) VALUES (22, 22, 1, 'Recent grad looking for backend roles.');
INSERT INTO Resume (resume_id, candidate_id, yrs_of_experience, summary) VALUES (23, 23, 5, 'Experienced ML Engineer.');
INSERT INTO Resume (resume_id, candidate_id, yrs_of_experience, summary) VALUES (24, 24, 3, 'Full Stack developer.');
INSERT INTO Resume (resume_id, candidate_id, yrs_of_experience, summary) VALUES (25, 25, 4, 'Database Administrator.');
INSERT INTO Resume (resume_id, candidate_id, yrs_of_experience, summary) VALUES (26, 26, 1, 'Data Entry specialist.');
INSERT INTO Resume (resume_id, candidate_id, yrs_of_experience, summary) VALUES (27, 27, 2, 'Software Tester.');
INSERT INTO Resume (resume_id, candidate_id, yrs_of_experience, summary) VALUES (28, 28, 6, 'Product Manager.');
INSERT INTO Resume (resume_id, candidate_id, yrs_of_experience, summary) VALUES (29, 29, 3, 'UI/UX Designer.');
INSERT INTO Resume (resume_id, candidate_id, yrs_of_experience, summary) VALUES (30, 30, 1, 'Intern developer.');

-- 6. Education
INSERT INTO Education (education_id, resume_id, degree, field_of_study, start_yr, end_yr, university_name, cgpa) VALUES (1, 1, 'B.E.', 'Computer Science', 2023, 2027, 'Thapar Institute', 8.5);
INSERT INTO Education (education_id, resume_id, degree, field_of_study, start_yr, end_yr, university_name, cgpa) VALUES (2, 2, 'B.E.', 'Computer Science', 2023, 2027, 'Thapar Institute', 9.1);
INSERT INTO Education (education_id, resume_id, degree, field_of_study, start_yr, end_yr, university_name, cgpa) VALUES (3, 3, 'B.E.', 'Computer Science', 2023, 2027, 'Thapar Institute', 8.8);
INSERT INTO Education (education_id, resume_id, degree, field_of_study, start_yr, end_yr, university_name, cgpa) VALUES (4, 4, 'B.E.', 'Computer Science', 2023, 2027, 'Thapar Institute', 8.2);
INSERT INTO Education (education_id, resume_id, degree, field_of_study, start_yr, end_yr, university_name, cgpa) VALUES (5, 5, 'B.E.', 'Computer Science', 2023, 2027, 'Thapar Institute', 8.9);
INSERT INTO Education (education_id, resume_id, degree, field_of_study, start_yr, end_yr, university_name, cgpa) VALUES (6, 6, 'B.E.', 'Computer Science', 2023, 2027, 'Thapar Institute', 8.4);
INSERT INTO Education (education_id, resume_id, degree, field_of_study, start_yr, end_yr, university_name, cgpa) VALUES (7, 7, 'B.E.', 'Computer Science', 2023, 2027, 'Thapar Institute', 9.5);
INSERT INTO Education (education_id, resume_id, degree, field_of_study, start_yr, end_yr, university_name, cgpa) VALUES (8, 8, 'B.Tech', 'Information Technology', 2016, 2020, 'NIT', 7.8);
INSERT INTO Education (education_id, resume_id, degree, field_of_study, start_yr, end_yr, university_name, cgpa) VALUES (9, 9, 'B.Tech', 'Computer Science', 2017, 2021, 'IIT', 8.6);
INSERT INTO Education (education_id, resume_id, degree, field_of_study, start_yr, end_yr, university_name, cgpa) VALUES (10, 10, 'M.Tech', 'Software Engineering', 2015, 2017, 'BITS', 9.2);
INSERT INTO Education (education_id, resume_id, degree, field_of_study, start_yr, end_yr, university_name, cgpa) VALUES (11, 21, 'B.Tech', 'Computer Science', 2018, 2022, 'NIT', 8.1);
INSERT INTO Education (education_id, resume_id, degree, field_of_study, start_yr, end_yr, university_name, cgpa) VALUES (12, 22, 'B.E.', 'IT', 2019, 2023, 'PEC', 7.9);
INSERT INTO Education (education_id, resume_id, degree, field_of_study, start_yr, end_yr, university_name, cgpa) VALUES (13, 23, 'M.S.', 'Data Science', 2015, 2017, 'IIIT', 9.0);
INSERT INTO Education (education_id, resume_id, degree, field_of_study, start_yr, end_yr, university_name, cgpa) VALUES (14, 24, 'B.Tech', 'Computer Science', 2016, 2020, 'VIT', 8.4);
INSERT INTO Education (education_id, resume_id, degree, field_of_study, start_yr, end_yr, university_name, cgpa) VALUES (15, 25, 'B.E.', 'IT', 2014, 2018, 'RVCE', 8.0);
INSERT INTO Education (education_id, resume_id, degree, field_of_study, start_yr, end_yr, university_name, cgpa) VALUES (16, 26, 'B.A.', 'Arts', 2017, 2020, 'DU', 6.5);
INSERT INTO Education (education_id, resume_id, degree, field_of_study, start_yr, end_yr, university_name, cgpa) VALUES (17, 27, 'B.Sc', 'Computers', 2018, 2021, 'MU', 7.2);
INSERT INTO Education (education_id, resume_id, degree, field_of_study, start_yr, end_yr, university_name, cgpa) VALUES (18, 28, 'MBA', 'Management', 2014, 2016, 'IIM', 8.8);
INSERT INTO Education (education_id, resume_id, degree, field_of_study, start_yr, end_yr, university_name, cgpa) VALUES (19, 29, 'B.Des', 'Design', 2017, 2021, 'NID', 8.2);
INSERT INTO Education (education_id, resume_id, degree, field_of_study, start_yr, end_yr, university_name, cgpa) VALUES (20, 30, 'B.E.', 'Computer Science', 2021, 2025, 'Thapar', 8.6);

-- 7. Work & Projects
INSERT INTO Work_Experience (work_id, resume_id, company_name, job_title, start_date, end_date, responsibilities) VALUES (1, 1, 'TIET', 'Research Assistant', TO_DATE('2025-01-01', 'YYYY-MM-DD'), NULL, 'Developed clustering algorithms.');
INSERT INTO Projects (project_id, resume_id, project_title, description) VALUES (1, 1, 'Voyage AI', 'Machine learning model designed to segment traveler profiles.');
INSERT INTO Project_Technologies (project_id, technology_id) VALUES (1, 2); 


-- 8. Resume Skills Mapping
INSERT INTO Resume_Skills (resume_id, skill_id) VALUES (1, 1);
INSERT INTO Resume_Skills (resume_id, skill_id) VALUES (1, 2);
INSERT INTO Resume_Skills (resume_id, skill_id) VALUES (1, 3);
INSERT INTO Resume_Skills (resume_id, skill_id) VALUES (2, 1);
INSERT INTO Resume_Skills (resume_id, skill_id) VALUES (2, 2);
INSERT INTO Resume_Skills (resume_id, skill_id) VALUES (2, 3);
INSERT INTO Resume_Skills (resume_id, skill_id) VALUES (3, 1);
INSERT INTO Resume_Skills (resume_id, skill_id) VALUES (3, 2);
INSERT INTO Resume_Skills (resume_id, skill_id) VALUES (3, 3);
INSERT INTO Resume_Skills (resume_id, skill_id) VALUES (21, 3);
INSERT INTO Resume_Skills (resume_id, skill_id) VALUES (22, 1);
INSERT INTO Resume_Skills (resume_id, skill_id) VALUES (23, 2);
INSERT INTO Resume_Skills (resume_id, skill_id) VALUES (23, 3);
INSERT INTO Resume_Skills (resume_id, skill_id) VALUES (24, 1);
INSERT INTO Resume_Skills (resume_id, skill_id) VALUES (25, 3);
INSERT INTO Resume_Skills (resume_id, skill_id) VALUES (28, 3);
INSERT INTO Resume_Skills (resume_id, skill_id) VALUES (30, 1);

-- 9. Resume Certifications Mapping
INSERT INTO Resume_Certifications (resume_id, certification_id, issue_date) VALUES (1, 1, TO_DATE('2022-01-15', 'YYYY-MM-DD'));

-- 10. Applications (Applying to Job 1)
INSERT INTO Job_Application (application_id, candidate_id, job_id, application_date) VALUES (1, 1, 1, SYSDATE);
INSERT INTO Job_Application (application_id, candidate_id, job_id, application_date) VALUES (2, 2, 1, SYSDATE);
INSERT INTO Job_Application (application_id, candidate_id, job_id, application_date) VALUES (3, 3, 1, SYSDATE);
INSERT INTO Job_Application (application_id, candidate_id, job_id, application_date) VALUES (4, 4, 1, SYSDATE);
INSERT INTO Job_Application (application_id, candidate_id, job_id, application_date) VALUES (5, 5, 1, SYSDATE);
INSERT INTO Job_Application (application_id, candidate_id, job_id, application_date) VALUES (6, 16, 1, SYSDATE);
INSERT INTO Job_Application (application_id, candidate_id, job_id, application_date) VALUES (7, 17, 1, SYSDATE);
INSERT INTO Job_Application (application_id, candidate_id, job_id, application_date) VALUES (8, 18, 1, SYSDATE);
INSERT INTO Job_Application (application_id, candidate_id, job_id, application_date) VALUES (9, 21, 1, SYSDATE);
INSERT INTO Job_Application (application_id, candidate_id, job_id, application_date) VALUES (10, 22, 1, SYSDATE);
INSERT INTO Job_Application (application_id, candidate_id, job_id, application_date) VALUES (11, 23, 1, SYSDATE);
INSERT INTO Job_Application (application_id, candidate_id, job_id, application_date) VALUES (12, 24, 1, SYSDATE);
INSERT INTO Job_Application (application_id, candidate_id, job_id, application_date) VALUES (13, 25, 1, SYSDATE);
INSERT INTO Job_Application (application_id, candidate_id, job_id, application_date) VALUES (14, 26, 1, SYSDATE);
INSERT INTO Job_Application (application_id, candidate_id, job_id, application_date) VALUES (15, 27, 1, SYSDATE);


-- 12. Interviews for the Shortlisted
-- Interviews for shortlisted candidates

INSERT INTO Interview (interview_id, application_id, interview_date, interview_status)
VALUES (1, 1, TO_TIMESTAMP('2026-05-05 10:00:00', 'YYYY-MM-DD HH24:MI:SS'), 'Scheduled');

INSERT INTO Interview (interview_id, application_id, interview_date, interview_status)
VALUES (2, 2, TO_TIMESTAMP('2026-05-05 11:00:00', 'YYYY-MM-DD HH24:MI:SS'), 'Scheduled');

INSERT INTO Interview (interview_id, application_id, interview_date, interview_status)
VALUES (3, 3, TO_TIMESTAMP('2026-05-05 12:00:00', 'YYYY-MM-DD HH24:MI:SS'), 'Scheduled');

COMMIT;
--------------------------------------------------
--------------------------------------------------------
-- TERMINAL FORMATTING (Fixes the ugly output)
--------------------------------------------------------
SET LINESIZE 200;
SET PAGESIZE 100;
COLUMN age_group FORMAT A10;
COLUMN job_title FORMAT A30;
COLUMN decision FORMAT A15;
COLUMN month FORMAT A10;
COLUMN skill_name FORMAT A25;
COLUMN count FORMAT 9999;
COLUMN applications FORMAT 9999;
COLUMN completion_rate FORMAT 999.99;

SET SERVEROUTPUT ON;

DECLARE
    v_score NUMBER;
BEGIN
    FOR rec IN (SELECT application_id FROM Job_Application) LOOP
        
        calculate_candidate_score(rec.application_id, 1, v_score);
        
        DBMS_OUTPUT.PUT_LINE(
            'Application ID: ' || rec.application_id || 
            ' → Score: ' || v_score
        );
        
    END LOOP;
END;
/

--------------------------------------------------------
-- QUERY 1: Age Demographics
--------------------------------------------------------
SELECT 
    CASE 
        WHEN TRUNC(MONTHS_BETWEEN(SYSDATE, dob)/12) < 22 THEN '18-21'
        WHEN TRUNC(MONTHS_BETWEEN(SYSDATE, dob)/12) < 26 THEN '22-25'
        WHEN TRUNC(MONTHS_BETWEEN(SYSDATE, dob)/12) < 31 THEN '26-30'
        WHEN TRUNC(MONTHS_BETWEEN(SYSDATE, dob)/12) < 36 THEN '31-35'
        WHEN TRUNC(MONTHS_BETWEEN(SYSDATE, dob)/12) < 41 THEN '36-40'
        ELSE '41+'
    END AS age_group,
    COUNT(*) AS count
FROM Candidate
GROUP BY 
    CASE 
        WHEN TRUNC(MONTHS_BETWEEN(SYSDATE, dob)/12) < 22 THEN '18-21'
        WHEN TRUNC(MONTHS_BETWEEN(SYSDATE, dob)/12) < 26 THEN '22-25'
        WHEN TRUNC(MONTHS_BETWEEN(SYSDATE, dob)/12) < 31 THEN '26-30'
        WHEN TRUNC(MONTHS_BETWEEN(SYSDATE, dob)/12) < 36 THEN '31-35'
        WHEN TRUNC(MONTHS_BETWEEN(SYSDATE, dob)/12) < 41 THEN '36-40'
        ELSE '41+'
    END
ORDER BY age_group;

--------------------------------------------------------
-- QUERY 2: Applications per Job
--------------------------------------------------------
SELECT j.job_title, COUNT(ja.application_id) AS applications
FROM Job j
LEFT JOIN Job_Application ja ON j.job_id = ja.job_id
GROUP BY j.job_id, j.job_title
ORDER BY applications DESC;

--------------------------------------------------------
-- QUERY 3: Screening Decisions (Now shows all 3 statuses)
--------------------------------------------------------
SELECT decision, COUNT(*) AS count
FROM Screening_Result
GROUP BY decision
ORDER BY count DESC;

--------------------------------------------------------
-- QUERY 4: Call 'Get Top Skills' Procedure
--------------------------------------------------------
VARIABLE rc REFCURSOR;
EXECUTE get_top_skills(10, :rc);
PRINT rc;

--------------------------------------------------------
-- QUERY 5: Shortlisted Candidates Query
--------------------------------------------------------
SELECT c.first_name, c.last_name, j.job_title
FROM Candidate c
JOIN Job_Application ja ON c.candidate_id = ja.candidate_id
JOIN Job j ON ja.job_id = j.job_id
JOIN Screening_Result sr ON ja.application_id = sr.application_id
WHERE sr.decision = 'Shortlisted';

--------------------------------------------------------
-- QUERY 6: Candidate Score Breakdown
--------------------------------------------------------
SELECT 
    c.first_name || ' ' || c.last_name AS candidate_name,
    j.job_title,
    sr.score,
    sr.decision
FROM Candidate c
JOIN Job_Application ja ON c.candidate_id = ja.candidate_id
JOIN Job j ON ja.job_id = j.job_id
JOIN Screening_Result sr ON ja.application_id = sr.application_id
ORDER BY sr.score DESC;